profile-supply-officer,245
profile-physical-site-planner,64
profile-programme-officer,667
profile-field-safety-advisor,118
profile-shelter-officer,247
profile-protection-officer,72
profile-admin-finance-officer,76
profile-registration-officer,72
profile-cccm-officer,171
profile-project-control-officer,57
human-resources-manager,96
uspsc-overseas-operations-specialist-multiple-positions,57
uspsc-overseas-operations-specialist-multiple-positions,57
human-resources-officer,66
profile-cash-based-interventions-officer,286
call-int-l-experts-independent-tap,77
roster-editorial-consultants-remote,94
roster-int-l-experts-specialists,77
roster-external-technical-experts-accreditation-green-climate-fund,77
profile-livelihoods-officer,828
profile-environmental-emergency-officer,168
non-specific-profile,163
intern-architect-engineer,64
grants-contracts-officer,77
call-technical-experts-public-financial-management-pfm,76
intern-architect-engineer,64
intern-architect-engineer,64
health-economist-health-sector-resiliency,58
manager-business-development,57
senior-manager-economic-growth,57
intern-human-rights-temporary,74
roster-administrative-assistants,69
uspsc-support-relief-group-generalist-multiple-positions,97
uspsc-support-relief-group-generalist-multiple-positions,97
youth-development-coordinator,60
manager-business-development,57
intern-information-management-temporary,57
intern-information-management-temporary,57
senior-technical-advisor-health-financing,58
intern-information-systems-communication-technology-temporary,94
senior-health-economist-hp,58
profile-ict-officer-infra,104
international-volunteer-teaching-empowering-vulnerable-children-north-thailand,60
intern-human-rights-temporary,74
profile-information-management-officer,57
profile-operations-data-officer,65
health-nutrition-program-manager-surge-roster-interim,58
emergency-response-team-leader-surge-roster-interim,97
education-program-manager-surge-roster-interim,103
country-director-surge-roster-interim,57
protection-technical-officer-manager-surge-roster-interim,72
security-advisor-surge-roster-interim,118
talent-pipeline-human-health-professionals-experts,302
expert-lecturer-technical-cooperation-programme,302
gender-conflict-stability-experts,96
senior-health-economist-hp,58
procurement-supply-management-specialist-global-fund-local-fund-agent,84
security-guard-un-city-copenhagen,118
technical-support-consultant-roll-back-malaria,58
project-analyst,57
integration-manager,57
ict-security-solution-qa-manager,118
ict-integrated-security-solution-coordinator,118
senior-ict-project-officer,57
administrative-assistant,57
chief-operations-peace-security-cluster,118
ict-physical-security-solution-qa-analyst,118
programme-manager-peace-security-centre-psc,59
support-services-officer-peace-security-centre-psc,118
field-security-advisor-ics-10,118
programme-director-peace-security-cluster-ics-13,59
senior-programme-manager-peace-security-cluster-ics-12,59
senior-programme-officer-peace-security-cluster-ics-11,59
programme-officer-peace-security-cluster-ics-10,59
associate-programme-officer-peace-security-cluster-ics-9,59
contracts-management-officer-peace-security-cluster-ics-10,84
operations-quality-assurance-officer-peace-security-cluster-ics-10,118
ammunition-weapons-management-advisor-peace-security-cluster-ics-11,118
mine-risk-education-specialist-peace-security-cluster-ics-10,118
capacity-development-technical-specialist-peace-security-cluster-ics-11,118
regional-security-advisor-peace-security-cluster-ics-11,118
counter-ied-advisor-peace-security-cluster-ics-11,118
section-head-hr-management-p5,302
programme-health-monitoring-evaluation-specialist-global-fund-local-fund-agent,59
counter-ied-specialist-peace-security-cluster-ics-10,118
administrative-assistant,69
awareness-campaign,82
roster-environmental-social-safeguards-experts,77
technical-support-consultant-roll-back-malaria,58
roster-editorial-experts,94
profile-shelter-cluster-coordinator,97
profile-communication-officer-global,94
profile-communications-officer-field,94
profile-web-editor-writer,94
resource-mobilization-manager,57
assistance-manger,69
profile-wash-officer,162
intern-national-international,57
global-partnership-area-roster,57
partnership-building-roster,95
south-south-area-roster,57
programme-management-poverty-reduction-roster,59
human-resources-roster,66
communication-roster,94
finance-roster,76
internship-opportunities-undp-moldova,57
internship-opportunities-roster,57
project-finance-associate-g7,302
communication-specialist-17-18,94
research-assistant-nutritionist-17-17,69
research-associate-nutritionist-17-16,69
research-associate-agronomist-17-20,69
finance-administration-assistant-17-19,76
asset-lease-management-intern,57
environmental-sustainability-intern,57
asset-lease-management-intern,57
environmental-sustainability-intern,57
consultant-reference-material-biotoxins-seafood-safety,302
fund-portfolio-associate,57
intern-operations-roster-position,57
electrical-cabling-engineer,64
short-term-internship-programme-2018,59
spontaneous-application-process-operators-cryogenics,664
spontaneous-application-electronics-controls,105
spontaneous-application-materials-science,248
spontaneous-application-mechanical-engineering,64
spontaneous-application-radiation-protection,72
spontaneous-application-safety,118
technician-training-experience,103
corresponding-associates-programme,59
fellowship-programmes-programme-des-boursiers,57
post-career-break-fellowship,248
protection-assistant-national-contract,72
associate-scientist-potato-breeder,248
donor-reporting-specialist,57
un-women-communications-visibility-specialist,96
call-senior-international-experts,77
intern-architect-engineer-temporary,64
intern-finance-temporary,76
intern-finance-temporary,76
intern-finance-temporary,76
intern-legal-affairs-temporary,62
legal-intern-court-support-services-section-temporary-cancelled,62
intern-audit-temporary,67
intern-public-information-temporary,94
intern-public-information-temporary,94
intern-environment-affairs-temporary,77
intern-economic-affairs-temporary,68
intern-mine-action-temporary,149
intern-economic-affairs-temporary,68
